{"Bo037dRMqerdiJXtStZI9A==":"mbr-1920x1200.jpg","U35uOWfmywMKPU3siDb8Ew==":"mbr-96x96.png","QrXGxk55Owl+uLiVhokK6A==":"mbr-1920x1080.jpg","DwzKCXQ27/u1HEkQMGbCmQ==":"mbr-1920x1440.jpg","aPOgs3hMXf0hH8rT19AUGQ==":"cross%20logo-96x77.jpg","yUBBGck59DGUtxKyTouILQ==":"cross%20logo-119x119.jpg","hM4gzSJH2HpJYSXgW7hPig==":"cross_logo-removebg-preview-96x96.png","NqvvmkC51GYI4/FPh4KzwQ==":"mbr-1920x1280.jpg","xRXbc1Io3cxHLdjVnkXL/Q==":"mbr-1-1920x1280.jpg","za9ZL9gz5WIsGHICJXLJgw==":"mbr-1-1920x1080.jpg","pu/6U1iRXL4wkIaKfl3eiw==":"mbr-1920x1240.jpg","zma0q76KDzlyUzCwdiPvVQ==":"mbr-1920x602.jpg","ADNLEJE6urStSDSUs32mHg==":"sunday-600x900.jpg","KFkOtiPTog8satKAvftWRA==":"midweek-600x338.jpg","jRwyDOXEIz4rTJzkqBTZRg==":"saturday-600x267.jpg","BT+bN+RHwYLU8OsGtQPnbw==":"mbr-600x402.jpg","8/vP4MVUphoap48cKmFCuA==":"jesus-cross-logo-6badf1fedc-seeklogo.com-96x122.png","xRLGAg326R6vxIm2gUIp5w==":"jesus-cross-logo-6badf1fedc-seeklogo.com-128x162.png"}